Name	title	coding
		
t3_17ttgjq	Final Exam Advice	Course question
t3_17tpdq8	I cheated on an assignment and I feel really bad about it (need advices)	Personal advice
t3_17t6sx1	Taking a Semester Off	Personal advice
t3_17sxexy	Is Soci254 recorded?	Course question
t3_17suflu	Wrote exam with accommodations/worried for aftermath	Administrative
t3_17skttl	For anyone who wanted a follow up on the math 141 midterm	Course question
t3_17si7kl	Is securing a lab position that difficult?	Job question
t3_17s7p14	Good spots for chalkboards or dry erase boards on campus?	Campus
t3_17sbfgk	authentificator app keeps asking for authentification when logging to mycourses	Tech help
t3_17s59jw	Why is this subreddit so blatantly anti palestinian	Political advocacy
t3_17rwoej	REAL TALK FRIDAY	Personal advice
t3_17rqu2f	At least they are upfront that this position is going to be an internal hire	Extra-curricular
t3_17rhf7d	Need tips for the exchange program!	Administrative
t3_17rgump	Econ 295 article discussion	Course question
t3_17rgnmt	Idk how this poster helps the cause	Political advocacy
t3_17re5hz	Regrade on Midterms	Administrative
t3_17r38yc	Math 222 HELP PLEASE	Course question
t3_17r3ja6	Taking MATH 242 at very last semester	Course question
t3_17r1sbx	To anyone that passed Math 141	Course question
t3_17qwede	Interesting Dance Talk on McGill honourary degree recipient (and centenarian) Francoise Sullivan!	Extra-curricular
t3_17qtgen	calling all psych students	Personal advice
t3_17qu41b	"ðŸŒ½ Introducing the McGill AI Society Kernel, our brand-new project incubator!"	Extra-curricular
t3_17qtqye	When Should McGill Go Private? | HESA	Political advocacy
t3_17qr4rn	CAQ's War on English Education	Political advocacy
t3_17qpka3	GameDev McGill Charity Livestream (Extra Life)	Extra-curricular
